-    Abenberg
-    Abensberg
-    Absberg
-    Abtswind
-    Achslach
-    Adelschlag
-    Adelsdorf
-    Adelshofen
-    Adelshofen
-    Adelsried
-    Adelzhausen
-    Adlkofen
-    Affing
-    Aham
-    Aholfing
-    Aholming
-    Ahorn
-    Ahorntal
-    Aicha vorm Wald
-    Aichach
-    Aichen
-    Aidenbach
-    Aidhausen
-    Aiglsbach
-    Aindling
-    Ainring
-    Aislingen
-    Aiterhofen
-    Aitrang
-    Albaching
-    Albertshofen
-    Aldersbach
-    Alerheim
-    Alesheim
-    Aletshausen
-    Alfeld
-    Allersberg
-    Allershausen
-    Alling
-    Allmannshofen
-    Altdorf
-    Altdorf bei Nürnberg
-    Alteglofsheim
-    Altenbuch
-    Altendorf
-    Altendorf
-    Altenkunstadt
-    Altenmarkt an der Alz
-    Altenmünster
-    Altenstadt
-    Altenstadt
-    Altenstadt an der Waldnaab
-    Altenthann
-    Altertheim
-    Altfraunhofen
-    Althegnenberg
-    Altmannstein
-    Altomünster
-    Altötting
-    Altusried
-    Alzenau
-    Amberg
-    Amberg
-    Amerang
-    Amerdingen
-    Ammerndorf
-    Ammerthal
-    Amorbach
-    Ampfing
-    Andechs
-    Anger
-    Ansbach
-    Antdorf
-    Anzing
-    Apfeldorf
-    Apfeltrach
-    Aresing
-    Arnbruck
-    Arnschwang
-    Arnstein
-    Arnstorf
-    Arrach
-    Arzberg
-    Asbach-Bäumenheim
-    Ascha
-    Aschaffenburg
-    Aschau am Inn
-    Aschau im Chiemgau
-    Aschheim
-    Aßling
-    Attenhofen
-    Attenkirchen
-    Atting
-    Au in der Hallertau
-    Aub
-    Aubstadt
-    Auerbach
-    Auerbach in der Oberpfalz
-    Aufhausen
-    Aufseß
-    Augsburg
-    Auhausen
-    Aura an der Saale
-    Aura im Sinngrund
-    Aurach
-    Aurachtal
-    Außernzell
-    Aying
-    Aystetten
-    Baar
-    Baar-Ebenhausen
-    Babenhausen
-    Babensham
-    Bach an der Donau
-    Bachhagel
-    Bächingen an der Brenz
-    Bad Abbach
-    Bad Aibling
-    Bad Alexandersbad
-    Bad Bayersoien
-    Bad Berneck im Fichtelgebirge
-    Bad Birnbach
-    Bad Bocklet
-    Bad Brückenau
-    Bad Endorf
-    Bad Feilnbach
-    Bad Füssing
-    Bad Griesbach im Rottal
-    Bad Grönenbach
-    Bad Heilbrunn
-    Bad Hindelang
-    Bad Kissingen
-    Bad Kohlgrub
-    Bad Königshofen im Grabfeld
-    Bad Kötzting
-    Bad Neustadt an der Saale
-    Bad Reichenhall
-    Bad Rodach
-    Bad Staffelstein
-    Bad Steben
-    Bad Tölz
-    Bad Wiessee
-    Bad Windsheim
-    Bad Wörishofen
-    Baierbach
-    Baierbrunn
-    Baiern
-    Baiersdorf
-    Baisweil
-    Balderschwang
-    Balzhausen
-    Bamberg
-    Barbing
-    Bärnau
-    Bastheim
-    Baudenbach
-    Baunach
-    Bayerbach
-    Bayerbach bei Ergoldsbach
-    Bayerisch Eisenstein
-    Bayerisch Gmain
-    Bayreuth
-    Bayrischzell
-    Bechtsrieth
-    Beilngries
-    Bellenberg
-    Benediktbeuern
-    Benningen
-    Beratzhausen
-    Berching
-    Berchtesgaden
-    Berg
-    Berg
-    Berg bei Neumarkt in der Oberpfalz
-    Berg im Gau
-    Bergen
-    Bergen
-    Bergheim
-    Bergkirchen
-    Berglern
-    Bergrheinfeld
-    Bergtheim
-    Bernau am Chiemsee
-    Bernbeuren
-    Berngau
-    Bernhardswald
-    Bernried
-    Bernried am Starnberger See
-    Bessenbach
-    Betzenstein
-    Betzigau
-    Beutelsbach
-    Biberbach
-    Bibertal
-    Biburg
-    Bichl
-    Bidingen
-    Biebelried
-    Bieberehren
-    Biessenhofen
-    Bindlach
-    Binswangen
-    Birgland
-    Birkenfeld
-    Bischberg
-    Bischbrunn
-    Bischofsgrün
-    Bischofsheim an der Rhön
-    Bischofsmais
-    Bischofswiesen
-    Bissingen
-    Blaibach
-    Blaichach
-    Blankenbach
-    Blindheim
-    Böbing
-    Bobingen
-    Böbrach
-    Bockhorn
-    Bodenkirchen
-    Bodenmais
-    Bodenwöhr
-    Bodolz
-    Bogen
-    Böhen
-    Böhmfeld
-    Bolsterlang
-    Bonstetten
-    Boos
-    Brand
-    Brannenburg
-    Breitbrunn
-    Breitbrunn am Chiemsee
-    Breitenberg
-    Breitenberg
-    Breitenbrunn
-    Breitenbrunn
-    Breitengüßbach
-    Breitenthal
-    Brennberg
-    Bruck
-    Bruck in der Oberpfalz
-    Bruckberg
-    Bruckberg
-    Bruckmühl
-    Brunn
-    Brunnen
-    Brunnthal
-    Bubenreuth
-    Bubesheim
-    Buch
-    Buch am Buchrain
-    Buch am Erlbach
-    Buch am Wald
-    Buchbach
-    Buchbrunn
-    Buchdorf
-    Büchenbach
-    Buchenberg
-    Buchhofen
-    Büchlberg
-    Buchloe
-    Buckenhof
-    Bundorf
-    Burgau
-    Burgberg im Allgäu
-    Burgbernheim
-    Burgebrach
-    Burggen
-    Burghaslach
-    Burghausen
-    Burgheim
-    Burgkirchen an der Alz
-    Burgkunstadt
-    Burglauer
-    Burglengenfeld
-    Burgoberbach
-    Burgpreppach
-    Burgsalach
-    Burgsinn
-    Bürgstadt
-    Burgthann
-    Burgwindheim
-    Burk
-    Burkardroth
-    Burtenbach
-    Buttenheim
-    Buttenwiesen
-    Bütthard
-    Buxheim
-    Buxheim
-    Cadolzburg
-    Castell
-    Cham
-    Chamerau
-    Chieming
-    Chiemsee
-    Coburg
-    Collenberg
-    Creußen
-    Dachau
-    Dachsbach
-    Daiting
-    Dammbach
-    Dasing
-    Deggendorf
-    Deining
-    Deiningen
-    Deisenhausen
-    Denkendorf
-    Denklingen
-    Dettelbach
-    Deuerling
-    Diebach
-    Diedorf
-    Diespeck
-    Dießen am Ammersee
-    Dietersburg
-    Dietersheim
-    Dieterskirchen
-    Dietfurt an der Altmühl
-    Dietmannsried
-    Dietramszell
-    Dillingen an der Donau
-    Dingolfing
-    Dingolshausen
-    Dinkelscherben
-    Dirlewang
-    Dittelbrunn
-    Dittenheim
-    Döhlau
-    Dollnstein
-    Donaustauf
-    Donauwörth
-    Donnersdorf
-    Dorfen
-    Dörfles-Esbach
-    Dorfprozelten
-    Dormitz
-    Drachselsried
-    Duggendorf
-    Durach
-    Dürrlauingen
-    Ebelsbach
-    Ebensfeld
-    Eberfing
-    Ebermannsdorf
-    Ebermannstadt
-    Ebern
-    Ebersberg
-    Ebersdorf bei Coburg
-    Ebershausen
-    Ebnath
-    Ebrach
-    Eching
-    Eching
-    Eching am Ammersee
-    Eckental
-    Eckersdorf
-    Edelsfeld
-    Ederheim
-    Ederlsdorf
-    Edling
-    Effeltrich
-    Egenhofen
-    Egg an der Günz
-    Eggenfelden
-    Eggenthal
-    Egglham
-    Egglkofen
-    Eggolsheim
-    Eggstätt
-    Eging am See
-    Eglfing
-    Egling
-    Egling an der Paar
-    Egloffstein
-    Egmating
-    Egweil
-    Ehekirchen
-    Ehingen
-    Ehingen
-    Ehingen am Ries
-    Eibelstadt
-    Eichenau
-    Eichenbühl
-    Eichendorf
-    Eichstätt
-    Eidenberg
-    Eiselfing
-    Eisenberg
-    Eisenheim
-    Eisingen
-    Eitensheim
-    Eitting
-    Elchingen
-    Elfershausen
-    Ellgau
-    Ellingen
-    Ellzee
-    Elsendorf
-    Elsenfeld
-    Eltmann
-    Emersacker
-    Emmering
-    Emmering
-    Emmerting
-    Emskirchen
-    Emtmannsberg
-    Engelsberg
-    Engelthal
-    Ensdorf
-    Eppenschlag
-    Eppishausen
-    Erbendorf
-    Erding
-    Erdweg
-    Eresing
-    Ergersheim
-    Ergolding
-    Ergoldsbach
-    Erharting
-    Ering
-    Erkheim
-    Erlabrunn
-    Erlangen
-    Erlbach
-    Erlenbach am Main
-    Erlenbach bei Marktheidenfeld
-    Ermershausen
-    Ernsgaden
-    Eschau
-    Eschenbach in der Oberpfalz
-    Eschenlohe
-    Eschlkam
-    Eslarn
-    Esselbach
-    Essenbach, Markt
-    Essing
-    Estenfeld
-    Ettal
-    Ettenstatt
-    Ettringen
-    Etzelwang
-    Etzenricht
-    Euerbach
-    Euerdorf
-    Eurasburg
-    Eurasburg
-    Eußenheim
-    Fahrenzhausen
-    Falkenberg
-    Falkenberg
-    Falkenfels
-    Falkenstein
-    Farchant
-    Faulbach
-    Feichten an der Alz
-    Feilitzsch
-    Feldafing
-    Feldkirchen
-    Feldkirchen
-    Feldkirchen-Westerham
-    Fellen
-    Fellheim
-    Fensterbach
-    Feucht
-    Fichtelberg
-    Finning
-    Finningen
-    Finsing
-    Fischach
-    Fischbachau
-    Fischen im Allgäu
-    Fladungen
-    Flintsbach am Inn
-    Floß
-    Flossenbürg
-    Forchheim
-    Forheim
-    Forstern
-    Forstinning
-    Frammersbach
-    Frankenwinheim
-    Frasdorf
-    Frauenau
-    Frauenneuharting
-    Fraunberg
-    Freihung
-    Freilassing
-    Freising
-    Fremdingen
-    Frensdorf
-    Freudenberg
-    Freystadt
-    Freyung
-    Frickenhausen am Main
-    Fridolfing
-    Friedberg
-    Friedenfels
-    Friesenried
-    Frontenhausen
-    Fuchsmühl
-    Fuchsstadt
-    Fuchstal
-    Fünfstetten
-    Fürsteneck
-    Fürstenfeldbruck
-    Fürstenstein
-    Fürstenzell
-    Furth
-    Fürth
-    Furth im Wald
-    Füssen
-    Gablingen
-    Gachenbach
-    Gädheim
-    Gaimersheim
-    Gaißach
-    Gallmersgarten
-    Gammelsdorf
-    Gangkofen
-    Garching an der Alz
-    Garching bei München
-    Garmisch-Partenkirchen
-    Gars am Inn
-    Gattendorf
-    Gaukönigshofen
-    Gauting
-    Gebenbach
-    Gebsattel
-    Gefrees
-    Gegenbach
-    Geiersthal
-    Geiselbach
-    Geiselhöring
-    Geiselwind
-    Geisenfeld
-    Geisenhausen
-    Gelchsheim
-    Geldersheim
-    Geltendorf
-    Gemeinde im Landkreis Main-Spessart
-    Gemünden am Main
-    Genderkingen
-    Georgenberg
-    Georgensgmünd
-    Gerach
-    Geratskirchen
-    Gerbrunn
-    Geretsried
-    Gerhardshofen
-    Germannsdorf
-    Germaringen
-    Germering
-    Geroda
-    Geroldsgrün
-    Geroldshausen
-    Gerolfingen
-    Gerolsbach
-    Gerolzhofen
-    Gersthofen
-    Gerzen
-    Gesees
-    Geslau
-    Gessertshausen
-    Gestratz
-    Giebelstadt
-    Gilching
-    Glashütten
-    Glattbach
-    Gleiritsch
-    Gleißenberg
-    Glonn
-    Glött
-    Gmund am Tegernsee
-    Gnotzheim
-    Gochsheim
-    Goldbach
-    Goldkronach
-    Gollhofen
-    Gollnerberg
-    Görisried
-    Gössenheim
-    Gößweinstein
-    Gotteszell
-    Gottfrieding
-    Graben
-    Grabenstätt
-    Gräfelfing
-    Grafenau
-    Gräfenberg
-    Gräfendorf
-    Grafengehaig
-    Grafenrheinfeld
-    Grafenwiesen
-    Grafenwöhr
-    Grafing bei München
-    Grafling
-    Grafrath
-    Grainau
-    Grainet
-    Grasbrunn
-    Grassau
-    Grattersdorf
-    Greding
-    Greifenberg
-    Greiling
-    Gremsdorf
-    Grettstadt
-    Greußenheim
-    Griesstätt
-    Gröbenzell
-    Großaitingen
-    Großbardorf
-    Großeibstadt
-    Großenseebach
-    Großhabersdorf
-    Großheirath
-    Großheubach
-    Großkarolinenfeld
-    Großlangheim
-    Großmehring
-    Großostheim
-    Großwallstadt
-    Großweil
-    Grub am Forst
-    Grünenbach
-    Grünwald
-    Gstadt am Chiemsee
-    Gundelfingen an der Donau
-    Gundelsheim
-    Gundremmingen
-    Güntersleben
-    Günzach
-    Günzburg
-    Gunzenhausen
-    Guteneck
-    Gutenstetten
-    Guttenberg
-    Haag
-    Haag an der Amper
-    Haag in Oberbayern
-    Haar
-    Haarbach
-    Habach
-    Hafenlohr
-    Hagelstadt
-    Hagenbüchach
-    Hahnbach
-    Haibach
-    Haibach
-    Haidmühle
-    Haimhausen
-    Haiming
-    Hainsfarth
-    Halblech
-    Haldenwang
-    Haldenwang
-    Halfing
-    Hallbergmoos
-    Hallerndorf
-    Hallstadt
-    Halsbach
-    Hammelburg
-    Happurg
-    Harburg
-    Harsdorf
-    Hartenstein
-    Haselbach
-    Hasloch
-    Haßfurt
-    Hattenhofen
-    Haundorf
-    Haunsheim
-    Hausen
-    Hausen
-    Hausen
-    Hausen
-    Hausen bei Würzburg
-    Hausham
-    Hauzenberg
-    Hawangen
-    Hebertsfelden
-    Hebertshausen
-    Heideck
-    Heidenheim
-    Heigenbrücken
-    Heiligenstadt in Oberfranken
-    Heimbuchenthal
-    Heimenkirch
-    Heimertingen
-    Heinersreuth
-    Heinrichsthal
-    Heldenstein
-    Helmbrechts
-    Helmstadt
-    Hemau
-    Hemhofen
-    Hemmersheim
-    Hendungen
-    Henfenfeld
-    Hengersberg
-    Hepberg
-    Herbstadt
-    Heretsried
-    Hergatz
-    Hergensweiler
-    Heroldsbach
-    Heroldsberg
-    Herrngiersdorf
-    Herrsching am Ammersee
-    Hersbruck
-    Herzogenaurach
-    Heßdorf
-    Hettenshausen
-    Hettstadt
-    Hetzles
-    Heustreu
-    Hilgertshausen-Tandern
-    Hilpoltstein
-    Hiltenfingen
-    Hiltpoltstein
-    Himmelkron
-    Himmelstadt
-    Hinterschmiding
-    Hirschaid
-    Hirschau
-    Hirschbach
-    Hitzhofen
-    Höchberg
-    Höchheim
-    Hochstadt am Main
-    Höchstadt an der Aisch
-    Höchstädt an der Donau
-    Höchstädt im Fichtelgebirge
-    Hof
-    Hofheim in Unterfranken
-    Hofkirchen
-    Hofstetten
-    Hohenaltheim
-    Hohenau
-    Hohenberg an der Eger
-    Hohenbrunn
-    Hohenburg
-    Hohenfels
-    Hohenfurch
-    Hohenkammer
-    Höhenkirchen-Siegertsbrunn
-    Hohenlinden
-    Hohenpeißenberg
-    Hohenpolding
-    Hohenroth
-    Hohenthann
-    Hohenwart
-    Hohenwarth
-    Hollenbach
-    Hollfeld
-    Hollstadt
-    Holzgünz
-    Holzheim
-    Holzheim
-    Holzheim
-    Holzheim am Forst
-    Holzkirchen
-    Holzkirchen
-    Hopferau
-    Horgau
-    Hörgertshausen
-    Hösbach
-    Höslwang
-    Höttingen
-    Huglfing
-    Huisheim
-    Hummeltal
-    Hunderdorf
-    Hunding
-    Hurlach
-    Hutthurm
-    Ichenhausen
-    Icking
-    Iffeldorf
-    Igensdorf
-    Iggensbach
-    Igling
-    Ihrlerstein
-    Illertissen
-    Illesheim
-    Illschwang
-    Ilmmünster
-    Immenreuth
-    Immenstadt im Allgäu
-    Inchenhofen
-    Ingenried
-    Ingolstadt
-    Innernzell
-    Inning am Ammersee
-    Inning am Holz
-    Insingen
-    Inzell
-    Iphofen
-    Ippesheim
-    Ipsheim
-    Irchenrieth
-    Irlbach
-    Irschenberg
-    Irsee
-    Isen
-    Ismaning
-    Issigau
-    Itzgrund
-    Jachenau
-    Jahrdorf
-    Jandelsbrunn
-    Jengen
-    Jesenwang
-    Jettenbach
-    Jettingen-Scheppach
-    Jetzendorf
-    Johannesberg
-    Johanniskirchen
-    Julbach
-    Kahl am Main
-    Kaisheim
-    Kalchreuth
-    Kallmünz
-    Kaltental
-    Kammeltal
-    Kammerstein
-    Kammlach
-    Karbach
-    Karlsfeld
-    Karlshuld
-    Karlskron
-    Karlstadt
-    Karlstein am Main
-    Karsbach
-    Kasberg
-    Kasendorf
-    Kastl
-    Kastl
-    Kastl
-    Kaufbeuren
-    Kaufering
-    Kelheim
-    Kellmünz an der Iller
-    Kemmern
-    Kemnath
-    Kempten
-    Kettershausen
-    Kiefersfelden
-    Kienberg
-    Kinding
-    Kinsau
-    Kipfenberg
-    Kirchanschöring
-    Kirchberg
-    Kirchberg im Wald
-    Kirchdorf
-    Kirchdorf
-    Kirchdorf am Inn
-    Kirchdorf an der Amper
-    Kirchdorf im Wald
-    Kirchehrenbach
-    Kirchendemenreuth
-    Kirchenlamitz
-    Kirchenpingarten
-    Kirchensittenbach
-    Kirchenthumbach
-    Kirchham
-    Kirchhaslach
-    Kirchheim
-    Kirchheim bei München
-    Kirchheim in Schwaben
-    Kirchlauter
-    Kirchroth
-    Kirchseeon
-    Kirchweidach
-    Kirchzell
-    Kissing
-    Kist
-    Kitzingen
-    Kleinaitingen
-    Kleinheubach
-    Kleinkahl
-    Kleinlangheim
-    Kleinostheim
-    Kleinrinderfeld
-    Kleinsendelbach
-    Kleinwallstadt
-    Klingenberg am Main
-    Klosterlechfeld
-    Knetzgau
-    Kochel am See
-    Köditz
-    Ködnitz
-    Köfering
-    Kohlberg
-    Kolbermoor
-    Kolitzheim
-    Kollnburg
-    Königsberg in Bayern
-    Königsbrunn
-    Königsdorf
-    Königsfeld
-    Königsmoos
-    Königstein
-    Konnersreuth
-    Konradsreuth
-    Konzell
-    Kösching
-    Kößlarn
-    Kottgeisering
-    Kötz
-    Kraftisried
-    Kraiburg am Inn
-    Krailling
-    Kranzberg
-    Kreuth
-    Kreuzwertheim
-    Krombach
-    Kronach
-    Kronburg
-    Kröning
-    Krumbach
-    Krummennaab
-    Krün
-    Kühbach
-    Kühlenthal
-    Kulmain
-    Kulmbach
-    Kumhausen
-    Kümmersbruck
-    Kunreuth
-    Künzing
-    Kupferberg
-    Küps
-    Kürnach
-    Kutzenhausen
-    Laaber
-    Laberweinting
-    Lachen
-    Lalling
-    Lam
-    Lamerdingen
-    Landau an der Isar
-    Landensberg
-    Landsberg am Lech
-    Landsberied
-    Landshut
-    Langdorf
-    Langenaltheim
-    Langenbach
-    Langenfeld
-    Langenmosen
-    Langenneufnach
-    Langenpreising
-    Langensendelbach
-    Langenzenn
-    Langerringen
-    Langfurth
-    Langquaid
-    Langweid am Lech
-    Lappersdorf
-    Lauben
-    Lauben
-    Laudenbach
-    Lauf an der Pegnitz
-    Laufach
-    Laufen
-    Laugna
-    Lauingen
-    Lauter
-    Lauterhofen
-    Lautertal
-    Lautrach
-    Lechbruck am See
-    Legau
-    Leiblfing
-    Leidersbach
-    Leinach
-    Leinburg
-    Leipheim
-    Lengdorf
-    Lengenwang
-    Lenggries
-    Lenting
-    Leonberg
-    Leuchtenberg
-    Leupoldsgrün
-    Leutenbach
-    Lichtenberg
-    Lichtenfels
-    Lindau
-    Lindberg
-    Lindenberg im Allgäu
-    Lisberg
-    Litzendorf
-    Lohberg
-    Lohkirchen
-    Lohr am Main
-    Loiching
-    Loitzendorf
-    Lonnerstadt
-    Ludwigschorgast
-    Ludwigsstadt
-    Luhe-Wildenau
-    Lülsfeld
-    Lupburg
-    Lutzingen
-    Mähring
-    Maierhöfen
-    Maihingen
-    Mainaschaff
-    Mainbernheim
-    Mainburg
-    Mainleus
-    Mainstockheim
-    Maisach
-    Maitenbeth
-    Malching
-    Malgersdorf
-    Mallersdorf-Pfaffenberg
-    Mammendorf
-    Mamming
-    Manching
-    Mantel
-    Margetshöchheim
-    Mariaposching
-    Marklkofen
-    Markt Berolzheim
-    Markt Bibart
-    Markt Einersheim
-    Markt Erlbach
-    Markt Indersdorf
-    Markt Nordheim
-    Markt Rettenbach
-    Markt Schwaben
-    Markt Taschendorf
-    Markt Wald
-    Marktbergel
-    Marktbreit
-    Marktgraitz
-    Marktheidenfeld
-    Marktl
-    Marktleugast
-    Marktleuthen
-    Marktoberdorf
-    Marktoffingen
-    Marktredwitz
-    Marktrodach
-    Marktschellenberg
-    Marktschorgast
-    Marktsteft
-    Marktzeuln
-    Marloffstein
-    Maroldsweisach
-    Marquartstein
-    Martinsheim
-    Marxheim
-    Marzling
-    Maßbach
-    Massing
-    Mauern
-    Mauerstetten
-    Mauth
-    Maxhütte-Haidhof
-    Medlingen
-    Meeder
-    Megesheim
-    Mehlmeisel
-    Mehring
-    Meinheim
-    Meitingen
-    Mellrichstadt
-    Memmelsdorf
-    Memmingen
-    Memmingerberg
-    Mengkofen
-    Merching
-    Mering
-    Mertingen
-    Mespelbrunn
-    Meßnerschlag
-    Metten
-    Mettenheim
-    Michelau im Steigerwald
-    Michelau in Oberfranken
-    Michelsneukirchen
-    Mickhausen
-    Miesbach
-    Miltach
-    Miltenberg
-    Mindelheim
-    Mindelstetten
-    Mintraching
-    Missen-Wilhams
-    Mistelbach
-    Mistelgau
-    Mitteleschenbach
-    Mittelneufnach
-    Mittelsinn
-    Mittelstetten
-    Mittenwald
-    Mitterfels
-    Mitterskirchen
-    Mitterteich
-    Mitwitz
-    Mödingen
-    Möhrendorf
-    Mömbris
-    Mömlingen
-    Mönchberg
-    Mönchsdeggingen
-    Mönchsroth
-    Monheim
-    Moorenweis
-    Moos
-    Moosach
-    Moosbach
-    Moosburg an der Isar
-    Moosinning
-    Moosthenning
-    Mörnsheim
-    Möslberg
-    Motten
-    Möttingen
-    Mötzing
-    Mühldorf am Inn
-    Mühlhausen
-    Mühlhausen
-    Muhr am See
-    Münchberg
-    München
-    Münchsmünster
-    Münchsteinach
-    Münnerstadt
-    Munningen
-    Münsing
-    Münster
-    Münsterhausen
-    Murnau am Staffelsee
-    Nabburg
-    Nagel
-    Naila
-    Nandlstadt
-    Nassenfels
-    Nennslingen
-    Nersingen
-    Nesselwang
-    Neu-Ulm
-    Neualbenreuth
-    Neubeuern
-    Neubiberg
-    Neubrunn
-    Neuburg am Inn
-    Neuburg an der Donau
-    Neuburg an der Kammel
-    Neuching
-    Neudrossenfeld
-    Neuendettelsau
-    Neuendorf
-    Neuenmarkt
-    Neufahrn bei Freising
-    Neufahrn in Niederbayern
-    Neufraunhofen
-    Neuhaus am Inn
-    Neuhaus an der Pegnitz
-    Neuhof an der Zenn
-    Neuhütten
-    Neukirchen
-    Neukirchen bei Sulzbach-Rosenberg
-    Neukirchen beim Heiligen Blut
-    Neukirchen vorm Wald
-    Neukirchen-Balbini
-    Neumarkt in der Oberpfalz
-    Neumarkt-Sankt Veit
-    Neunburg vorm Wald
-    Neunkirchen
-    Neunkirchen am Brand
-    Neunkirchen am Sand
-    Neuötting
-    Neureichenau
-    Neuried
-    Neusäß
-    Neuschönau
-    Neusitz
-    Neusorg
-    Neustadt am Kulm
-    Neustadt am Main
-    Neustadt an der Aisch
-    Neustadt an der Donau
-    Neustadt an der Waldnaab
-    Neustadt bei Coburg
-    Neutraubling
-    Niederaichbach
-    Niederalteich
-    Niederbergkirchen
-    Niederfüllbach
-    Niederlauer
-    Niedermurach
-    Niedernberg
-    Niederrieden
-    Niederschönenfeld
-    Niedertaufkirchen
-    Niederviehbach
-    Niederwerrn
-    Niederwinkling
-    Nittenau
-    Nittendorf
-    Nonnenhorn
-    Nordendorf
-    Nordhalben
-    Nordheim am Main
-    Nordheim vor der Rhön
-    Nördlingen
-    Nüdlingen
-    Nürnberg
-    Nußdorf
-    Nußdorf am Inn
-    Oberammergau
-    Oberasbach
-    Oberau
-    Oberaudorf
-    Oberaurach
-    Oberbergkirchen
-    Oberdachstetten
-    Oberding
-    Oberdolling
-    Oberelsbach
-    Obergriesbach
-    Obergünzburg
-    Oberhaching
-    Oberhaid
-    Oberhausen
-    Oberhausen
-    Oberickelsheim
-    Oberkotzau
-    Oberleichtersbach
-    Obermaiselstein
-    Obermeitingen
-    Obermichelbach
-    Obernbreit
-    Obernburg am Main
-    Oberndorf am Lech
-    Oberneukirchen
-    Oberneureuth
-    Obernzell
-    Obernzenn
-    Oberostendorf
-    Oberottmarshausen
-    Oberpframmern
-    Oberpleichfeld
-    Oberpöring
-    Oberpöring
-    Oberreichenbach
-    Oberreute
-    Oberrieden
-    Oberroth
-    Oberscheinfeld
-    Oberschleißheim
-    Oberschneiding
-    Oberschönegg
-    Oberschwarzach
-    Oberschweinbach
-    Obersinn
-    Obersöchering
-    Oberstaufen
-    Oberstdorf
-    Oberstreu
-    Obersüßbach
-    Obertaufkirchen
-    Oberthulba
-    Obertraubling
-    Obertrubach
-    Oberviechtach
-    Obing
-    Ochsenfurt
-    Odelzhausen
-    Oerlenbach
-    Oettingen in Bayern
-    Offenberg
-    Offenhausen
-    Offingen
-    Ofterschwang
-    Ohlstadt
-    Ohrenbach
-    Olching
-    Opfenbach
-    Ortenburg
-    Osterberg
-    Osterhofen
-    Osterzell
-    Ostheim vor der Rhön
-    Ottenhofen
-    Ottensoos
-    Otterfing
-    Otting
-    Ottobeuren
-    Ottobrunn
-    Otzing
-    Oy-Mittelberg
-    Pähl
-    Painten
-    Palling
-    Pappenheim
-    Parkstein
-    Parkstetten
-    Parsberg
-    Partenstein
-    Passau
-    Pastetten
-    Patersdorf
-    Paunzhausen
-    Pechbrunn
-    Pegnitz
-    Peißenberg
-    Peiting
-    Pemfling
-    Pentling
-    Penzberg
-    Penzing
-    Perach
-    Perasdorf
-    Perkam
-    Perlesreut
-    Petersaurach
-    Petersdorf
-    Petershausen
-    Pettendorf
-    Petting
-    Pettstadt
-    Pfaffenhausen
-    Pfaffenhofen an der Glonn
-    Pfaffenhofen an der Ilm
-    Pfaffenhofen an der Roth
-    Pfaffing
-    Pfakofen
-    Pfarrkirchen
-    Pfarrweisach
-    Pfatter
-    Pfeffenhausen
-    Pfofeld
-    Pförring
-    Pforzen
-    Pfreimd
-    Pfronten
-    Philippsreut
-    Piding
-    Pielenhofen
-    Pilsach
-    Pilsting
-    Pinzberg
-    Pirk
-    Pittenhart
-    Planegg
-    Plankenfels
-    Plattling
-    Plech
-    Pleinfeld
-    Pleiskirchen
-    Pleß
-    Pleystein
-    Pliening
-    Plößberg
-    Pocking
-    Pöcking
-    Poing
-    Pollenfeld
-    Polling
-    Polling
-    Polsingen
-    Pommelsbrunn
-    Pommersfelden
-    Poppenhausen
-    Poppenricht
-    Pörnbach
-    Pösing
-    Postau
-    Postbauer-Heng
-    Postmünster
-    Pottenstein
-    Pöttmes
-    Poxdorf
-    Prackenbach
-    Prebitz
-    Prem
-    Pressath
-    Presseck
-    Pressig
-    Pretzfeld
-    Prichsenstadt
-    Prien am Chiemsee
-    Priesendorf
-    Prittriching
-    Prosselsheim
-    Prutting
-    Püchersreuth
-    Puchheim
-    Pullach im Isartal
-    Pullenreuth
-    Pürgen
-    Puschendorf
-    Putzbrunn
-    Pyrbaum
-    Rain
-    Rain
-    Raisting
-    Raitenbuch
-    Ramerberg
-    Rammingen
-    Ramsau bei Berchtesgaden
-    Ramsthal
-    Randersacker
-    Rannungen
-    Raßreuth
-    Rattelsdorf
-    Rattenberg
-    Rattenkirchen
-    Rattiszell
-    Raubling
-    Rauhenebrach
-    Rechtenbach
-    Rechtmehring
-    Reckendorf
-    Rednitzhembach
-    Redwitz an der Rodach
-    Regen
-    Regensburg
-    Regenstauf
-    Regnitzlosau
-    Rehau
-    Rehling
-    Reichenbach
-    Reichenbach
-    Reichenberg
-    Reichenschwand
-    Reichersbeuern
-    Reichertshausen
-    Reichertsheim
-    Reichertshofen
-    Reichling
-    Reimlingen
-    Reisbach
-    Reischach
-    Reit im Winkl
-    Remlingen
-    Rennertshofen
-    Rentweinsdorf
-    Rettenbach
-    Rettenbach
-    Rettenbach am Auerberg
-    Rettenberg
-    Retzstadt
-    Reut
-    Reuth bei Erbendorf
-    Ried
-    Riedbach
-    Rieden
-    Rieden
-    Rieden am Forggensee
-    Riedenberg
-    Riedenburg
-    Riedenheim
-    Riedering
-    Riegsee
-    Riekofen
-    Rieneck
-    Rimbach
-    Rimbach
-    Rimpar
-    Rimsting
-    Rinchnach
-    Ringelai
-    Röckingen
-    Rödelmaier
-    Rödelsee
-    Roden
-    Rödental
-    Roding
-    Röfingen
-    Roggenburg
-    Rögling
-    Rohr
-    Rohr in Niederbayern
-    Rohrbach
-    Rohrdorf
-    Rohrenfels
-    Röhrmoos
-    Röhrnbach
-    Röllbach
-    Ronsberg
-    Rosenheim
-    Röslau
-    Roßbach
-    Roßhaupten
-    Roßtal
-    Roth
-    Röthenbach
-    Röthenbach an der Pegnitz
-    Rothenbuch
-    Rothenfels
-    Röthlein
-    Rott
-    Rott am Inn
-    Rottach-Egern
-    Röttenbach
-    Röttenbach
-    Rottenbuch
-    Rottenburg an der Laaber
-    Rottendorf
-    Rotthalmünster
-    Röttingen
-    Rötz
-    Rückersdorf
-    Rückholz
-    Rudelzhausen
-    Rüdenau
-    Rüdenhausen
-    Ruderatshofen
-    Ruderting
-    Rugendorf
-    Rügland
-    Ruhmannsfelden
-    Ruhpolding
-    Ruhstorf an der Rott
-    Runding
-    Saal an der Donau
-    Saal an der Saale
-    Saaldorf-Surheim
-    Sachsen bei Ansbach
-    Sachsenkam
-    Sailauf
-    Salching
-    Saldenburg
-    Salgen
-    Salz
-    Salzweg
-    Samerberg
-    Sand am Main
-    Sandberg
-    Sankt Englmar
-    Sankt Oswald-Riedlhütte
-    Sankt Wolfgang
-    Sauerlach
-    Saulgrub
-    Schäftlarn
-    Schaibing
-    Schalkham
-    Schauenstein
-    Schaufling
-    Schechen
-    Scheidegg
-    Scheinfeld
-    Schernfeld
-    Scherstetten
-    Scheßlitz
-    Scheuring
-    Scheyern
-    Schierling
-    Schiltberg
-    Schirmitz
-    Schirnding
-    Schlammersdorf
-    Schleching
-    Schlehdorf
-    Schliersee
-    Schlüsselfeld
-    Schmidgaden
-    Schmidmühlen
-    Schmiechen
-    Schnabelwaid
-    Schnaitsee
-    Schnaittach
-    Schnaittenbach
-    Schneckenlohe
-    Schneeberg
-    Schneizlreuth
-    Schnelldorf
-    Schöfweg
-    Schollbrunn
-    Schöllkrippen
-    Schöllnach
-    Schönau
-    Schönau am Königssee
-    Schönau an der Brend
-    Schönberg
-    Schönberg
-    Schönberg
-    Schönbrunn im Steigerwald
-    Schondorf am Ammersee
-    Schondra
-    Schongau
-    Schöngeising
-    Schönsee
-    Schonstett
-    Schönthal
-    Schonungen
-    Schönwald
-    Schorndorf
-    Schrobenhausen
-    Schwabach
-    Schwabbruck
-    Schwabhausen
-    Schwabmünchen
-    Schwabsoien
-    Schwaig bei Nürnberg
-    Schwaigen
-    Schwandorf
-    Schwanfeld
-    Schwangau
-    Schwanstetten
-    Schwarzach
-    Schwarzach am Main
-    Schwarzach bei Nabburg
-    Schwarzenbach
-    Schwarzenbach am Wald
-    Schwarzenbach an der Saale
-    Schwarzenbruck
-    Schwarzenfeld
-    Schwarzhofen
-    Schwebheim
-    Schweinfurt
-    Schweitenkirchen
-    Schwenningen
-    Schwifting
-    Schwindegg
-    Seefeld
-    Seeg
-    Seehausen am Staffelsee
-    Seeon-Seebruck
-    Seeshaupt
-    Segnitz
-    Seinsheim
-    Selb
-    Selbitz
-    Senden
-    Sengenthal
-    Sennfeld
-    Seßlach
-    Seubersdorf in der Oberpfalz
-    Seukendorf
-    Seybothenreuth
-    Siegenburg
-    Siegsdorf
-    Sielenbach
-    Sigmarszell
-    Simbach
-    Simbach am Inn
-    Simmelsdorf
-    Simmershofen
-    Sindelsdorf
-    Sinzing
-    Söchtenau
-    Solnhofen
-    Sommerach
-    Sommerhausen
-    Sommerkahl
-    Sonderhofen
-    Sondheim vor der Rhön
-    Sonnefeld
-    Sonnen
-    Sontheim
-    Sonthofen
-    Soyen
-    Spalt
-    Spardorf
-    Sparneck
-    Spatzenhausen
-    Speichersdorf
-    Speinshart
-    Spiegelau
-    Stadelhofen
-    Stadlern
-    Stadtbergen
-    Stadtlauringen
-    Stadtprozelten
-    Stadtsteinach
-    Stallwang
-    Stammbach
-    Stammham
-    Stammham
-    Stamsried
-    Starnberg
-    Staudach-Egerndach
-    Stegaurach
-    Stein
-    Steinach
-    Steinbach am Wald
-    Steinberg am See
-    Steindorf
-    Steinfeld
-    Steingaden
-    Steinhöring
-    Steinkirchen
-    Steinsfeld
-    Steinwiesen
-    Stephanskirchen
-    Stephansposching
-    Stetten
-    Stettfeld
-    Stiefenhofen
-    Stockheim
-    Stockheim
-    Stockstadt am Main
-    Störnstein
-    Stötten am Auerberg
-    Stöttwang
-    Strahlungen
-    Straßkirchen
-    Straßlach-Dingharting
-    Straubing
-    Strullendorf
-    Stubenberg
-    Stulln
-    Sugenheim
-    Sulzbach am Main
-    Sulzbach-Rosenberg
-    Sulzberg
-    Sulzdorf an der Lederhecke
-    Sulzemoos
-    Sulzfeld
-    Sulzfeld am Main
-    Sulzheim
-    Sulzthal
-    Sünching
-    Surberg
-    Syrgenstein
-    Tacherting
-    Taching am See
-    Tagmersheim
-    Tann
-    Tännesberg
-    Tapfheim
-    Tauberrettersheim
-    Taufkirchen
-    Taufkirchen
-    Taufkirchen
-    Tegernheim
-    Tegernsee
-    Teisendorf
-    Teising
-    Teisnach
-    Tettau
-    Tettenweis
-    Teublitz
-    Teugn
-    Teunz
-    Teuschnitz
-    Thaining
-    Thalberg
-    Thalmassing
-    Thalmässing
-    Thannhausen
-    Thanstein
-    Theilenhofen
-    Theilheim
-    Theisseil
-    Theres
-    Thierhaupten
-    Thiersheim
-    Thierstein
-    Thundorf in Unterfranken
-    Thüngen
-    Thüngersheim
-    Thurmansbang
-    Thurnau
-    Thurnreuth
-    Thyrnau
-    Tiefenbach
-    Tiefenbach
-    Tiefenbach
-    Tirschenreuth
-    Titting
-    Tittling
-    Tittmoning
-    Todtenweis
-    Töging am Inn
-    Töpen
-    Trabitz
-    Train
-    Traitsching
-    Trappstadt
-    Traunreut
-    Traunstein
-    Trausnitz
-    Trautskirchen
-    Trebgast
-    Treffelstein
-    Treuchtlingen
-    Triefenstein
-    Triftern
-    Trogen
-    Tröstau
-    Trostberg
-    Trunkelsberg
-    Tschirn
-    Tuchenbach
-    Tuntenhausen
-    Türkenfeld
-    Türkheim
-    Tussenhausen
-    Tüßling
-    Tutzing
-    Tyrlaching
-    Übersee
-    Üchtelhausen
-    Uehlfeld
-    Uettingen
-    Uffenheim
-    Uffing am Staffelsee
-    Ungerhausen
-    Unsleben
-    Unterammergau
-    Unterdießen
-    Unterdietfurt
-    Unteregg
-    Unterföhring
-    Untergriesbach
-    Unterhaching
-    Unterleinleiter
-    Untermeitingen
-    Untermerzbach
-    Unterneukirchen
-    Unterpleichfeld
-    Unterreit
-    Unterroth
-    Unterschleißheim
-    Unterschwaningen
-    Untersiemau
-    Untersteinach
-    Unterthingau
-    Unterwössen
-    Untrasried
-    Ursberg
-    Ursensollen
-    Urspringen
-    Ustersbach
-    Uttenreuth
-    Utting am Ammersee
-    Vachendorf
-    Valley
-    Vaterstetten
-    Veitsbronn
-    Veitshöchheim
-    Velburg
-    Velden
-    Velden
-    Vestenbergsgreuth
-    Viechtach
-    Viereth-Trunstadt
-    Vierkirchen
-    Vilgertshofen
-    Villenbach
-    Vilsbiburg
-    Vilseck
-    Vilsheim
-    Vilshofen an der Donau
-    Vogtareuth
-    Vohburg an der Donau
-    Vohenstrauß
-    Vöhringen
-    Volkach
-    Volkenschwand
-    Vorbach
-    Vorra
-    Waakirchen
-    Waal
-    Wachenroth
-    Wackersberg
-    Wackersdorf
-    Waffenbrunn
-    Waging am See
-    Waidhaus
-    Waidhofen
-    Waigolshausen
-    Waischenfeld
-    Wald
-    Wald
-    Waldaschaff
-    Waldbrunn
-    Waldbüttelbrunn
-    Walderbach
-    Waldershof
-    Waldkirchen
-    Waldkraiburg
-    Waldmünchen
-    Waldsassen
-    Waldstetten
-    Waldthurn
-    Walkertshofen
-    Wallenfels
-    Wallerfing
-    Wallersdorf
-    Wallerstein
-    Wallgau
-    Walpertskirchen
-    Walsdorf
-    Waltenhausen
-    Waltenhofen
-    Walting
-    Wang
-    Warmensteinach
-    Warngau
-    Wartenberg
-    Wartmannsroth
-    Wasserburg
-    Wasserburg am Inn
-    Wasserlosen
-    Wattendorf
-    Wechingen
-    Wegscheid
-    Wehringen
-    Weibersbrunn
-    Weichering
-    Weichs
-    Weiden in der Oberpfalz
-    Weidenberg
-    Weidhausen bei Coburg
-    Weiding
-    Weiding
-    Weigendorf
-    Weigenheim
-    Weihenzell
-    Weiherhammer
-    Weihmichl
-    Weil
-    Weilbach
-    Weiler-Simmerberg
-    Weilersbach
-    Weilheim in Oberbayern
-    Weisendorf
-    Weismain
-    Weißdorf
-    Weißenbrunn
-    Weißenburg in Bayern
-    Weißenhorn
-    Weißenohe
-    Weißensberg
-    Weißenstadt
-    Weitnau
-    Weitramsdorf
-    Welden
-    Wellheim
-    Wemding
-    Wendelstein
-    Weng
-    Wenzenbach
-    Wernberg-Köblitz
-    Werneck
-    Wertach
-    Wertingen
-    Weßling
-    Wessobrunn
-    Westendorf
-    Westendorf
-    Westerheim
-    Westerngrund
-    Westheim
-    Wettringen
-    Wettstetten
-    Weyarn
-    Wiedergeltingen
-    Wielenbach
-    Wiesau
-    Wiesen
-    Wiesenbach
-    Wiesenbronn
-    Wiesenfelden
-    Wiesent
-    Wiesenthau
-    Wiesentheid
-    Wiesenttal
-    Wieseth
-    Wiesthal
-    Wiggensbach
-    Wilburgstetten
-    Wildenberg
-    Wildenranna
-    Wildflecken
-    Wildpoldsried
-    Wildsteig
-    Wilhelmsdorf
-    Wilhelmsthal
-    Wilhermsdorf
-    Willanzheim
-    Willmars
-    Willmering
-    Windach
-    Windberg
-    Windelsbach
-    Windischeschenbach
-    Windorf
-    Windpassing
-    Winhöring
-    Winkelhaid
-    Winklarn
-    Winterbach
-    Winterhausen
-    Winterrieden
-    Winzer
-    Wipfeld
-    Wirsberg
-    Wittelshofen
-    Wittibreut
-    Wittislingen
-    Witzmannsberg
-    Wolfersdorf
-    Wolferstadt
-    Wolfertschwenden
-    Wolfratshausen
-    Wolfsegg
-    Wollbach
-    Wolnzach
-    Wonfurt
-    Wonneberg
-    Wonsees
-    Woringen
-    Wörnitz
-    Wörth
-    Wörth am Main
-    Wörth an der Donau
-    Wörth an der Isar
-    Wörthsee
-    Wülfershausen an der Saale
-    Wunsiedel
-    Wurmannsquick
-    Wurmsham
-    Würzburg
-    Zachenberg
-    Zandt
-    Zangberg
-    Zapfendorf
-    Zeil am Main
-    Zeilarn
-    Zeitlarn
-    Zeitlofs
-    Zell
-    Zell am Main
-    Zell im Fichtelgebirge
-    Zellingen
-    Zenting
-    Ziemetshausen
-    Ziertheim
-    Zirndorf
-    Zolling
-    Zorneding
-    Zöschingen
-    Zusamaltheim
-    Zusmarshausen
-    Zwiesel
